{
  "resources": [
    {
      "name": "values",
      "description": "initial values for the parameters",
      "data": {
        "d_immune": 2522.811068513065,
        "S": 640.9997866339279,
        "rho": 0.9515413604769448,
        "I": 31.4806726181108,
        "vol": 0.021151721823071606,
        "d_infection": 17.331316677797073,
        "beta": 0.3446695154837771
      }
    },
    {
      "name": "covariance",
      "description": "covariance matrix",
      "data": {
        "d_infection": {
          "d_infection": 0.2572808632922654,
          "beta": -0.02165952712014754,
          "rho": -0.009708661345891188,
          "d_immune": 0.039038520304377704,
          "S": -0.051653874494105176,
          "I": -0.016791831329059245,
          "vol": -0.007629457670552649
        },
        "beta": {
          "d_infection": -0.02165952712014754,
          "beta": 0.7130993182747343,
          "rho": 0.012249635010951809,
          "d_immune": -0.037049758881014645,
          "S": -0.35016977231479507,
          "I": -0.10059760644780992,
          "vol": 0.01886905255174067
        },
        "rho": {
          "d_infection": -0.009708661345891188,
          "beta": 0.012249635010951809,
          "rho": 0.42244665813216215,
          "d_immune": 0.23170371491951294,
          "S": -0.21774824371592202,
          "I": 0.0012458942437612618,
          "vol": -0.01174509309059742
        },
        "d_immune": {
          "d_infection": 0.039038520304377704,
          "beta": -0.037049758881014645,
          "rho": 0.23170371491951294,
          "d_immune": 1.0049268725839686,
          "S": 0.2394951408902165,
          "I": 0.000917569766133533,
          "vol": 0.06651215839236205
        },
        "S": {
          "d_infection": -0.051653874494105176,
          "beta": -0.35016977231479507,
          "rho": -0.21774824371592202,
          "d_immune": 0.2394951408902165,
          "S": 3.004711853986954,
          "I": -0.0003544810200488593,
          "vol": -0.09999322573778396
        },
        "I": {
          "d_infection": -0.016791831329059245,
          "beta": -0.10059760644780992,
          "rho": 0.0012458942437612618,
          "d_immune": 0.000917569766133533,
          "S": -0.0003544810200488593,
          "I": 3.1648274984671296,
          "vol": 0.002946440064626522
        },
        "vol": {
          "d_infection": -0.007629457670552649,
          "beta": 0.01886905255174067,
          "rho": -0.01174509309059742,
          "d_immune": 0.06651215839236205,
          "S": -0.09999322573778396,
          "I": 0.002946440064626522,
          "vol": 0.061076093357804555
        }
      }
    },
    {
      "name": "summary",
      "data": {
        "id": 1,
        "log_ltp": -439.6078785027054,
        "AICc": 859.9601703948155,
        "n_parameters": 7,
        "AIC": 859.2034136380587,
        "DIC": 867.2021615053925,
        "log_likelihood": -422.60170681902935,
        "sum_squares": null,
        "n_data": 156
      }
    }
  ]
}
